{"cameraMode":{"drawMode":0,"name":"Shaded","section":"Shading Mode"},"sceneLighting":true,"audioPlay":false,"sceneViewState":{"m_AlwaysRefresh":false,"showFog":true,"showSkybox":true,"showFlares":true,"showImageEffects":true,"showParticleSystems":true,"showVisualEffectGraphs":true,"m_FxEnabled":true},"in2DMode":false,"pivot":{"x":-0.38354843854904177,"y":-0.39713627099990847,"z":-1.7586567401885987},"rotation":{"x":0.00176896748598665,"y":0.9895322322845459,"z":-0.14379853010177613,"w":0.012172870337963105},"size":5.979031562805176,"orthographic":false}